
--------------------------------------- TEAM ENTRIES ---------------------------------------------------------
INSERT INTO team VALUES(1610612737,'Atlanta Hawks','ATL','Hawks','Atlanta','Atlanta',1949);
INSERT INTO team VALUES(1610612738,'Boston Celtics','BOS','Celtics','Boston','Massachusetts',1946);
INSERT INTO team VALUES(1610612739,'Cleveland Cavaliers','CLE','Cavaliers','Cleveland','Ohio',1970);
INSERT INTO team VALUES(1610612740,'New Orleans Pelicans','NOP','Pelicans','New Orleans','Louisiana',2002);
INSERT INTO team VALUES(1610612741,'Chicago Bulls','CHI','Bulls','Chicago','Illinois',1966);
INSERT INTO team VALUES(1610612742,'Dallas Mavericks','DAL','Mavericks','Dallas','Texas',1980);
INSERT INTO team VALUES(1610612743,'Denver Nuggets','DEN','Nuggets','Denver','Colorado',1976);
INSERT INTO team VALUES(1610612744,'Golden State Warriors','GSW','Warriors','Golden State','California',1946);
INSERT INTO team VALUES(1610612745,'Houston Rockets','HOU','Rockets','Houston','Texas',1967);
INSERT INTO team VALUES(1610612746,'Los Angeles Clippers','LAC','Clippers','Los Angeles','California',1970);
INSERT INTO team VALUES(1610612747,'Los Angeles Lakers','LAL','Lakers','Los Angeles','California',1948);
INSERT INTO team VALUES(1610612748,'Miami Heat','MIA','Heat','Miami','Florida',1988);
INSERT INTO team VALUES(1610612749,'Milwaukee Bucks','MIL','Bucks','Milwaukee','Wisconsin',1968);
INSERT INTO team VALUES(1610612750,'Minnesota Timberwolves','MIN','Timberwolves','Minnesota','Minnesota',1989);
INSERT INTO team VALUES(1610612751,'Brooklyn Nets','BKN','Nets','Brooklyn','New York',1976);
INSERT INTO team VALUES(1610612752,'New York Knicks','NYK','Knicks','New York','New York',1946);
INSERT INTO team VALUES(1610612753,'Orlando Magic','ORL','Magic','Orlando','Florida',1989);
INSERT INTO team VALUES(1610612754,'Indiana Pacers','IND','Pacers','Indiana','Indiana',1976);
INSERT INTO team VALUES(1610612755,'Philadelphia 76ers','PHI','76ers','Philadelphia','Pennsylvania',1949);
INSERT INTO team VALUES(1610612756,'Phoenix Suns','PHX','Suns','Phoenix','Arizona',1968);
INSERT INTO team VALUES(1610612757,'Portland Trail Blazers','POR','Trail Blazers','Portland','Oregon',1970);
INSERT INTO team VALUES(1610612758,'Sacramento Kings','SAC','Kings','Sacramento','California',1948);
INSERT INTO team VALUES(1610612759,'San Antonio Spurs','SAS','Spurs','San Antonio','Texas',1976);
INSERT INTO team VALUES(1610612760,'Oklahoma City Thunder','OKC','Thunder','Oklahoma City','Oklahoma',1967);
INSERT INTO team VALUES(1610612761,'Toronto Raptors','TOR','Raptors','Toronto','Ontario',1995);
INSERT INTO team VALUES(1610612762,'Utah Jazz','UTA','Jazz','Utah','Utah',1974);
INSERT INTO team VALUES(1610612763,'Memphis Grizzlies','MEM','Grizzlies','Memphis','Tennessee',1995);
INSERT INTO team VALUES(1610612764,'Washington Wizards','WAS','Wizards','Washington','District of Columbia',1961);
INSERT INTO team VALUES(1610612765,'Detroit Pistons','DET','Pistons','Detroit','Michigan',1948);
INSERT INTO team VALUES(1610612766,'Charlotte Hornets','CHA','Hornets','Charlotte','North Carolina',1988);

CREATE SEQUENCE team_id_seq; 
ALTER TABLE team ALTER COLUMN id SET DEFAULT nextval('team_id_seq');
ALTER SEQUENCE team_id_seq OWNED BY team.id;
SELECT setval('team_id_seq ', COALESCE(max(id), 1)) FROM team;

--------------------------------------- TEAM_ATTRIBUTES ENTRIES ---------------------------------------------------
INSERT INTO team_attributes VALUES(1610612737,'State Farm Arena',18729.0,'Tony Ressler','Travis Schlenk','Nate McMillan','Erie Bayhawks','https://www.facebook.com/hawks','https://instagram.com/atlhawks','https://twitter.com/ATLHawks');
INSERT INTO team_attributes VALUES(1610612738,'TD Garden',18624.0,'Wyc Grousbeck','Danny Ainge','Brad Stevens','Maine Red Claws','https://www.facebook.com/bostonceltics','https://instagram.com/celtics','https://twitter.com/celtics');
INSERT INTO team_attributes VALUES(1610612739,'Rocket Mortgage FieldHouse',20562.0,'Dan Gilbert','Koby Altman','JB Bickerstaff','Canton Charge','https://www.facebook.com/Cavs','https://instagram.com/cavs','https://twitter.com/cavs');
INSERT INTO team_attributes VALUES(1610612740,'Smoothie King Center',NULL,'Tom Benson','Trajan Langdon','Stan Van Gundy','No Affiliate','https://www.facebook.com/PelicansNBA','https://instagram.com/pelicansnba','https://twitter.com/PelicansNBA');
INSERT INTO team_attributes VALUES(1610612741,'United Center',21711.0,'Jerry Reinsdorf','Arturas Karnisovas','Billy Donovan','Windy City Bulls','https://www.facebook.com/chicagobulls','https://instagram.com/chicagobulls','https://twitter.com/chicagobulls');
INSERT INTO team_attributes VALUES(1610612742,'American Airlines Center',19200.0,'Mark Cuban','Donnie Nelson','Rick Carlisle','Texas Legends','https://www.facebook.com/dallasmavs','https://instagram.com/dallasmavs','https://twitter.com/dallasmavs');
INSERT INTO team_attributes VALUES(1610612743,'Ball Arena',NULL,'Stan Kroenke','Tim Connelly','Michael Malone','No Affiliate','https://www.facebook.com/DenverNuggets','https://instagram.com/nuggets','https://twitter.com/nuggets');
INSERT INTO team_attributes VALUES(1610612744,'Chase Center',NULL,'Joe Lacob','Bob Myers','Steve Kerr','Santa Cruz Warriors','https://www.facebook.com/warriors','https://instagram.com/warriors','https://twitter.com/warriors');
INSERT INTO team_attributes VALUES(1610612745,'Toyota Center',18104.0,'Tilman Fertitta','Rafael Stone','Stephen Silas','Rio Grande Valley Vipers','https://www.facebook.com/houstonrockets','https://instagram.com/houstonrockets','https://twitter.com/HoustonRockets');
INSERT INTO team_attributes VALUES(1610612746,'STAPLES Center',19060.0,'Steve Ballmer','Michael Winger','Tyronn Lue','Agua Caliente Clippers of Ontario','https://www.facebook.com/LAClippers','https://instagram.com/laclippers','https://twitter.com/LAClippers');
INSERT INTO team_attributes VALUES(1610612747,'STAPLES Center',19060.0,'Jerry Buss Family Trust','Rob Pelinka','Frank Vogel','South Bay Lakers','https://www.facebook.com/losangeleslakers','https://instagram.com/lakers','https://twitter.com/Lakers');
INSERT INTO team_attributes VALUES(1610612748,'AmericanAirlines Arena',19600.0,'Micky Arison','Pat Riley','Erik Spoelstra','Sioux Falls Skyforce','https://www.facebook.com/MiamiHeat','https://instagram.com/miamiheat','https://twitter.com/MiamiHEAT');
INSERT INTO team_attributes VALUES(1610612749,'Fiserv Forum',17500.0,'Wesley Edens & Marc Lasry','Jon Horst','Mike Budenholzer','Wisconsin Herd','https://www.facebook.com/milwaukeebucks','https://instagram.com/bucks','https://twitter.com/Bucks');
INSERT INTO team_attributes VALUES(1610612750,'Target Center',19356.0,'Glen Taylor','Scott Layden','Chris Finch','Iowa Wolves','https://www.facebook.com/MNTimberwolves','https://instagram.com/timberwolves','https://twitter.com/Timberwolves');
INSERT INTO team_attributes VALUES(1610612751,'Barclays Center',NULL,'Joe Tsai','Sean Marks','Steve Nash','Long Island Nets','https://www.facebook.com/BrooklynNets','https://instagram.com/brooklynnets','https://twitter.com/BrooklynNets');
INSERT INTO team_attributes VALUES(1610612752,'Madison Square Garden',19763.0,'Cablevision (James Dolan)','Leon Rose','Tom Thibodeau','Westchester Knicks','https://www.facebook.com/NYKnicks','https://instagram.com/nyknicks','https://twitter.com/nyknicks');
INSERT INTO team_attributes VALUES(1610612753,'Amway Center',0.0,'Rick DeVos','John Hammond','Steve Clifford','Lakeland Magic','https://www.facebook.com/OrlandoMagic','https://instagram.com/orlandomagic','https://twitter.com/OrlandoMagic');
INSERT INTO team_attributes VALUES(1610612754,'Bankers Life Fieldhouse',18345.0,'Herb Simon','Kevin Pritchard','Nate Bjorkgren','Fort Wayne Mad Ants','https://www.facebook.com/pacers','https://instagram.com/pacers','https://twitter.com/Pacers');
INSERT INTO team_attributes VALUES(1610612755,'Wells Fargo Center',NULL,'Joshua Harris','Elton Brand','Doc Rivers','Delaware Blue Coats','https://www.facebook.com/Sixers','https://instagram.com/sixers','https://twitter.com/Sixers');
INSERT INTO team_attributes VALUES(1610612756,'Phoenix Suns Arena',NULL,'Robert Sarver','James Jones','Monty Williams','Northern Arizona Suns','https://www.facebook.com/suns','https://instagram.com/suns','https://twitter.com/Suns');
INSERT INTO team_attributes VALUES(1610612757,'Moda Center',19980.0,'Paul Allen','Neil Olshey','Terry Stotts','No Affiliate','https://www.facebook.com/trailblazers','https://instagram.com/trailblazers','https://twitter.com/trailblazers');
INSERT INTO team_attributes VALUES(1610612758,'Golden 1 Center',17500.0,'Vivek Ranadive','Monte McNair','Luke Walton','Stockton Kings','https://www.facebook.com/sacramentokings','https://instagram.com/sacramentokings','https://twitter.com/SacramentoKings');
INSERT INTO team_attributes VALUES(1610612759,'AT&T Center',18694.0,'Peter Holt','Brian Wright','Gregg Popovich','Austin Spurs','https://www.facebook.com/Spurs','https://instagram.com/spurs','https://twitter.com/spurs');
INSERT INTO team_attributes VALUES(1610612760,'Chesapeake Energy Arena',NULL,'Clay Bennett','Sam Presti','Mark Daigneault','Oklahoma City Blue','https://www.facebook.com/OKCThunder','https://instagram.com/okcthunder','https://twitter.com/okcthunder');
INSERT INTO team_attributes VALUES(1610612761,'Amalie Arena',NULL,'Maple Leaf Sports and Entertainment','Masai Ujiri','Nick Nurse','Raptors 905','https://www.facebook.com/TorontoRaptors','https://instagram.com/raptors','https://twitter.com/Raptors');
INSERT INTO team_attributes VALUES(1610612762,'Vivint Arena',NULL,'Ryan Smith','Dennis Lindsey','Quin Snyder','Salt Lake City Stars','https://www.facebook.com/utahjazz','https://instagram.com/utahjazz','https://twitter.com/utahjazz');
INSERT INTO team_attributes VALUES(1610612763,'FedExForum',18119.0,'Robert Pera','Zach Kleiman','Taylor Jenkins','Memphis Hustle','https://www.facebook.com/MemphisGrizzlies','https://instagram.com/memgrizz','https://twitter.com/memgrizz');
INSERT INTO team_attributes VALUES(1610612764,'Capital One Arena',20647.0,'Ted Leonsis','Tommy Sheppard','Scott Brooks','Capital City Go-Go','https://www.facebook.com/Wizards','https://instagram.com/washwizards','https://twitter.com/WashWizards');
INSERT INTO team_attributes VALUES(1610612765,'Little Caesars Arena',NULL,'Tom Gores','Ed Stefanski','Dwane Casey','Grand Rapids Drive','https://www.facebook.com/detroitpistons','https://instagram.com/detroitpistons','https://twitter.com/DetroitPistons');
INSERT INTO team_attributes VALUES(1610612766,'Spectrum Center',19026.0,'Michael Jordan','Mitch Kupchak','James Borrego','Greensboro Swarm','https://www.facebook.com/hornets','https://instagram.com/hornets','https://twitter.com/hornets');

--------------------------------------- PLAYER ENTRIES ---------------------------------------------------------
INSERT INTO Player VALUES('76001','Alaa Abdelnaby','Alaa','Abdelnaby',0);
INSERT INTO Player VALUES('76002','Zaid Abdul-Aziz','Zaid','Abdul-Aziz',0);
INSERT INTO Player VALUES('76003','Kareem Abdul-Jabbar','Kareem','Abdul-Jabbar',0);
INSERT INTO Player VALUES('51','Mahmoud Abdul-Rauf','Mahmoud','Abdul-Rauf',0);
INSERT INTO Player VALUES('1505','Tariq Abdul-Wahad','Tariq','Abdul-Wahad',0);
INSERT INTO Player VALUES('949','Shareef Abdur-Rahim','Shareef','Abdur-Rahim',0);
INSERT INTO Player VALUES('76005','Tom Abernethy','Tom','Abernethy',0);
INSERT INTO Player VALUES('76006','Forest Able','Forest','Able',0);
INSERT INTO Player VALUES('101165','Alex Acker','Alex','Acker',0);
INSERT INTO Player VALUES('76008','Donald Ackerman','Donald','Ackerman',0);
INSERT INTO Player VALUES('76009','Mark Acres','Mark','Acres',0);
INSERT INTO Player VALUES('76010','Charles Acton','Charles','Acton',0);
INSERT INTO Player VALUES('76011','Alvan Adams','Alvan','Adams',0);
INSERT INTO Player VALUES('76012','Don Adams','Don','Adams',0);
INSERT INTO Player VALUES('203919','Jordan Adams','Jordan','Adams',0);
INSERT INTO Player VALUES('149','Michael Adams','Michael','Adams',0);
INSERT INTO Player VALUES('203500','Steven Adams','Steven','Adams',1);
INSERT INTO Player VALUES('912','Rafael Addison','Rafael','Addison',0);
INSERT INTO Player VALUES('1628389','Bam Adebayo','Bam','Adebayo',1);
INSERT INTO Player VALUES('1629061','Deng Adel','Deng','Adel',0);
INSERT INTO Player VALUES('76015','Rick Adelman','Rick','Adelman',0);
INSERT INTO Player VALUES('201167','Arron Afflalo','Arron','Afflalo',0);
INSERT INTO Player VALUES('76016','Mark Aguirre','Mark','Aguirre',0);
INSERT INTO Player VALUES('201336','Blake Ahearn','Blake','Ahearn',0);
INSERT INTO Player VALUES('76017','Danny Ainge','Danny','Ainge',0);
INSERT INTO Player VALUES('201582','Alexis Ajinca','Alexis','Ajinca',0);
INSERT INTO Player VALUES('76018','Henry Akin','Henry','Akin',0);
INSERT INTO Player VALUES('203006','Josh Akognon','Josh','Akognon',0);
INSERT INTO Player VALUES('202374','Solomon Alabi','Solomon','Alabi',0);
INSERT INTO Player VALUES('76019','Mark Alarie','Mark','Alarie',0);
INSERT INTO Player VALUES('76020','Gary Alcorn','Gary','Alcorn',0);
INSERT INTO Player VALUES('203128','Furkan Aldemir','Furkan','Aldemir',0);
INSERT INTO Player VALUES('202332','Cole Aldrich','Cole','Aldrich',0);
INSERT INTO Player VALUES('200746','LaMarcus Aldridge','LaMarcus','Aldridge',1);
INSERT INTO Player VALUES('76021','Chuck Aleksinas','Chuck','Aleksinas',0);
INSERT INTO Player VALUES('1626146','Cliff Alexander','Cliff','Alexander',0);
INSERT INTO Player VALUES('724','Cory Alexander','Cory','Alexander',0);
INSERT INTO Player VALUES('2042','Courtney Alexander','Courtney','Alexander',0);
INSERT INTO Player VALUES('76022','Gary Alexander','Gary','Alexander',0);
INSERT INTO Player VALUES('201570','Joe Alexander','Joe','Alexander',0);
INSERT INTO Player VALUES('1629734','Kyle Alexander','Kyle','Alexander',1);
INSERT INTO Player VALUES('2349','Victor Alexander','Victor','Alexander',0);
INSERT INTO Player VALUES('1629638','Nickeil Alexander-Walker','Nickeil','Alexander-Walker',1);

--------------------------------------- PLAYER ATTRIBUTES ENTRIES ---------------------------------------------------------
INSERT INTO Player_Attributes VALUES('76001','Alaa','Abdelnaby','A. Abdelnaby','alaa-abdelnaby','1968-06-24T00:00:00','USA','Duke/USA',82.0,240.0,4,'30','Forward','Inactive','N','1610612757','Trail Blazers','POR','Portland','HISTADD_alaa_abdelnaby','1990','1994','N','Y','Y','1990','1','25',5.7000000000000001776,0.29999999999999998889,3.2999999999999998223,0.0,NULL);
INSERT INTO Player_Attributes VALUES('76002','Zaid','Abdul-Aziz','Z. Abdul-Aziz','zaid-abdul-aziz','1946-04-07T00:00:00','USA','Iowa State/USA',81.0,235.0,9,'54','Center','Inactive','N','1610612745','Rockets','HOU','Houston','HISTADD_zaid_abdul-aziz','1968','1977','N','Y','Y','1968','1','5',9.0,1.1999999999999999555,8.0,0.0,NULL);
INSERT INTO Player_Attributes VALUES('76003','Kareem','Abdul-Jabbar','K. Abdul-Jabbar','kareem-abdul-jabbar','1947-04-16T00:00:00','USA','UCLA/USA',86.0,225.0,19,'33','Center','Inactive','N','1610612747','Lakers','LAL','Los Angeles','HISTADD_kareem_abdul-jabbar','1969','1988','N','Y','Y','1969','1','1',24.60000000000000142,3.6000000000000000888,11.199999999999999289,18.0,NULL);
INSERT INTO Player_Attributes VALUES('51','Mahmoud','Abdul-Rauf','M. Abdul-Rauf','mahmoud-abdul-rauf','1969-03-09T00:00:00','USA','Louisiana State/USA',73.0,162.0,8,'1','Guard','Inactive','N','1610612743','Nuggets','DEN','Denver','mahmoud_abdul-rauf','1990','2000','N','Y','Y','1990','1','3',14.599999999999999644,3.5,1.8999999999999999111,0.0,NULL);
INSERT INTO Player_Attributes VALUES('1505','Tariq','Abdul-Wahad','T. Abdul-Wahad','tariq-abdul-wahad','1974-11-03T00:00:00','France','San Jose State/France',78.0,235.0,6,'9','Forward-Guard','Inactive','N','1610612758','Kings','SAC','Sacramento','tariq_abdul-wahad','1997','2003','N','Y','Y','1997','1','11',7.7999999999999998223,1.1000000000000000888,3.2999999999999998223,0.0,NULL);
INSERT INTO Player_Attributes VALUES('949','Shareef','Abdur-Rahim','S. Abdur-Rahim','shareef-abdur-rahim','1976-12-11T00:00:00','USA','California/USA',81.0,245.0,12,'3','Forward','Inactive','N','1610612763','Grizzlies','VAN','Vancouver','shareef_abdur-rahim','1996','2007','N','Y','Y','1996','1','3',18.100000000000001421,2.5,7.5,1.0,NULL);
INSERT INTO Player_Attributes VALUES('76005','Tom','Abernethy','T. Abernethy','tom-abernethy','1954-05-06T00:00:00','USA','Indiana/USA',79.0,220.0,4,'5','Forward','Inactive','N','1610612744','Warriors','GOS','Golden State','HISTADD_tom_abernethy','1976','1980','N','Y','Y','1976','3','43',5.5999999999999996447,1.1999999999999999555,3.2000000000000001776,0.0,NULL);
INSERT INTO Player_Attributes VALUES('76006','Forest','Able','F. Able','forest-able','1932-07-27T00:00:00','USA','Western Kentucky/USA',75.0,180.0,0,'6','Guard','Inactive','N','1610612755','Nationals','PHI','Syracuse','HISTADD_frosty_able','1956','1956','N','Y','Y','1956','None','None',0.0,1.0,1.0,0.0,NULL);
INSERT INTO Player_Attributes VALUES('101165','Alex','Acker','A. Acker','alex-acker','1983-01-21T00:00:00','USA','Pepperdine/USA',77.0,185.0,2,'3','Guard','Inactive','N','1610612746','Clippers','LAC','Los Angeles','alex_acker','2005','2008','Y','Y','Y','2005','2','60',2.7000000000000001776,0.5,1.0,0.0,NULL);
INSERT INTO Player_Attributes VALUES('76008','Donald','Ackerman','D. Ackerman','donald-ackerman','1930-09-04T00:00:00','USA','Long Island-Brooklyn/USA',72.0,183.0,0,' ','Guard','Inactive','N','1610612752','Knicks','NYK','New York','HISTADD_buddy_ackerman','1953','1953','N','Y','Y','1953','2','None',1.5,0.8000000000000000444,0.5,0.0,NULL);
INSERT INTO Player_Attributes VALUES('76009','Mark','Acres','M. Acres','mark-acres','1962-11-15T00:00:00','USA','Oral Roberts/USA',83.0,220.0,5,'42','Center','Inactive','N','1610612753','Magic','ORL','Orlando','HISTADD_mark_acres','1987','1992','N','Y','Y','1985','2','40',3.6000000000000000888,0.5,4.0999999999999996447,0.0,NULL);
INSERT INTO Player_Attributes VALUES('76010','Charles','Acton','C. Acton','charles-acton','1942-01-11T00:00:00','USA','Hillsdale/USA',78.0,210.0,0,'24','Forward','Inactive','N','1610612745','Rockets','SDR','San Diego','HISTADD_bud_acton','1967','1967','N','Y','Y','Undrafted','Undrafted','Undrafted',3.2999999999999998223,0.5,2.0,0.0,NULL);
INSERT INTO Player_Attributes VALUES('76011','Alvan','Adams','A. Adams','alvan-adams','1954-07-19T00:00:00','USA','Oklahoma/USA',81.0,210.0,12,'33','Center','Inactive','N','1610612756','Suns','PHX','Phoenix','HISTADD_alvan_adams','1975','1987','N','Y','Y','1975','1','4',14.099999999999999645,4.0999999999999996447,7.0,1.0,NULL);
INSERT INTO Player_Attributes VALUES('76012','Don','Adams','D. Adams','don-adams','1947-11-27T00:00:00','USA','Northwestern/USA',79.0,210.0,6,'10','Forward','Inactive','N','1610612765','Pistons','DET','Detroit','HISTADD_don_adams','1970','1976','N','Y','Y','1970','8','120',8.6999999999999992894,1.8000000000000000444,5.5999999999999996447,0.0,NULL);
INSERT INTO Player_Attributes VALUES('203919','Jordan','Adams','J. Adams','jordan-adams','1994-07-08T00:00:00','USA','UCLA/USA',77.0,209.0,2,'3','Guard','Inactive','N','1610612763','Grizzlies','MEM','Memphis','jordan_adams','2014','2015','Y','Y','Y','2014','1','22',3.2000000000000001776,0.59999999999999997779,0.9000000000000000222,0.0,NULL);
INSERT INTO Player_Attributes VALUES('149','Michael','Adams','M. Adams','michael-adams','1963-01-19T00:00:00','USA','Boston College/USA',70.0,165.0,10,'23','Guard','Inactive','N','1610612743','Nuggets','DEN','Denver','michael_adams','1985','1995','N','Y','Y','1985','3','66',14.699999999999999289,6.4000000000000003552,2.8999999999999999111,1.0,NULL);
INSERT INTO Player_Attributes VALUES('203500','Steven','Adams','S. Adams','steven-adams','1993-07-20T00:00:00','New Zealand','Pittsburgh/New Zealand',83.0,265.0,7,'12','Center','Active','Y','1610612740','Pelicans','NOP','New Orleans','steven_adams','2013','2020','N','Y','Y','2013','1','12',8.0999999999999996447,2.0,9.1999999999999992894,NULL,0.092999999999999999333);
INSERT INTO Player_Attributes VALUES('912','Rafael','Addison','R. Addison','rafael-addison','1964-07-22T00:00:00','USA','Syracuse/USA',80.0,241.0,5,'7','Forward','Inactive','N','1610612751','Nets','NJN','New Jersey','rafael_addison','1986','1996','N','Y','Y','1986','2','39',5.7999999999999998223,0.9000000000000000222,2.1000000000000000888,0.0,NULL);
INSERT INTO Player_Attributes VALUES('1628389','Bam','Adebayo','B. Adebayo','bam-adebayo','1997-07-18T00:00:00','USA','Kentucky/USA',81.0,255.0,3,'13','Center-Forward','Active','Y','1610612748','Heat','MIA','Miami','bam_adebayo','2017','2020','N','Y','Y','2017','1','14',19.199999999999999289,5.4000000000000003552,9.5,NULL,0.16700000000000000954);
INSERT INTO Player_Attributes VALUES('1629061','Deng','Adel','D. Adel','deng-adel','1997-02-01T00:00:00','South Sudan','Louisville/South Sudan',79.0,200.0,1,'32','Forward','Inactive','N','1610612739','Cavaliers','CLE','Cleveland','deng_adel','2018','2018','Y','Y','Y','Undrafted','Undrafted','Undrafted',1.6999999999999999555,0.29999999999999998889,1.0,0.0,NULL);
INSERT INTO Player_Attributes VALUES('76015','Rick','Adelman','R. Adelman','rick-adelman','1946-06-16T00:00:00','USA','Loyola-Marymount/USA',74.0,175.0,6,'5','Guard','Inactive','N','1610612757','Trail Blazers','POR','Portland','HISTADD_rick_adelman','1968','1974','N','Y','Y','1968','7','79',7.7000000000000001776,3.5,2.3999999999999999111,0.0,NULL);
INSERT INTO Player_Attributes VALUES('201167','Arron','Afflalo','A. Afflalo','arron-afflalo','1985-10-15T00:00:00','USA','UCLA/USA',77.0,210.0,11,'4','Guard','Inactive','N','1610612753','Magic','ORL','Orlando','arron_afflalo','2007','2017','N','Y','Y','2007','1','27',10.80000000000000071,1.8000000000000000444,2.8999999999999999111,0.0,NULL);
INSERT INTO Player_Attributes VALUES('76016','Mark','Aguirre','M. Aguirre','mark-aguirre','1959-12-10T00:00:00','USA','DePaul/USA',78.0,232.0,12,'7','Forward','Inactive','N','1610612742','Mavericks','DAL','Dallas','HISTADD_mark_aguirre','1981','1993','N','Y','Y','1981','1','1',20.0,3.1000000000000000888,5.0,3.0,NULL);
INSERT INTO Player_Attributes VALUES('201336','Blake','Ahearn','B. Ahearn','blake-ahearn','1984-05-27T00:00:00','USA','Missouri State/USA',74.0,190.0,3,'2','Guard','Inactive','N','1610612748','Heat','MIA','Miami','blake_ahearn','2007','2011','Y','Y','Y','Undrafted','Undrafted','Undrafted',4.5999999999999996447,1.1999999999999999555,1.1999999999999999555,0.0,NULL);
INSERT INTO Player_Attributes VALUES('76017','Danny','Ainge','D. Ainge','danny-ainge','1959-03-17T00:00:00','USA','Brigham Young/USA',77.0,175.0,13,'22','Guard','Inactive','N','1610612738','Celtics','BOS','Boston','HISTADD_danny_ainge','1981','1994','N','Y','Y','1981','2','31',11.499999999999999999,4.0,2.7000000000000001776,1.0,NULL);
INSERT INTO Player_Attributes VALUES('201582','Alexis','Ajinca','A. Ajinca','alexis-ajinca','1988-05-06T00:00:00','France','Hyeres-Toulon/France',86.0,248.0,7,'42','Center','Inactive','N','1610612740','Pelicans','NOP','New Orleans','alexis_ajinca','2008','2017','Y','Y','Y','2008','1','20',5.2999999999999998223,0.5,3.8999999999999999111,0.0,NULL);
INSERT INTO Player_Attributes VALUES('76018','Henry','Akin','H. Akin','henry-akin','1944-07-31T00:00:00','USA','Morehead State/USA',82.0,225.0,1,'10','Center','Inactive','N','1610612752','Knicks','NYK','New York','HISTADD_henry_akin','1966','1967','N','Y','Y','1966','2','11',3.5,0.5,2.1000000000000000888,0.0,NULL);
INSERT INTO Player_Attributes VALUES('203006','Josh','Akognon','J. Akognon','josh-akognon','1986-02-10T00:00:00','USA','California State-Fullerton/USA',71.0,185.0,1,'10','Guard','Inactive','N','1610612742','Mavericks','DAL','Dallas','josh_akognon','2012','2012','Y','Y','Y','Undrafted','Undrafted','Undrafted',1.6999999999999999555,0.29999999999999998889,0.29999999999999998889,0.0,NULL);
INSERT INTO Player_Attributes VALUES('202374','Solomon','Alabi','S. Alabi','solomon-alabi','1988-03-21T00:00:00','Nigeria','Florida State/Nigeria',85.0,252.0,2,'50','Center','Inactive','N','1610612761','Raptors','TOR','Toronto','solomon_alabi','2010','2011','Y','Y','Y','2010','2','50',1.5,0.2000000000000000111,2.2999999999999998223,0.0,NULL);
INSERT INTO Player_Attributes VALUES('76019','Mark','Alarie','M. Alarie','mark-alarie','1963-12-11T00:00:00','USA','Duke/USA',80.0,217.0,4,'31','Forward','Inactive','N','1610612764','Bullets','WAS','Washington','HISTADD_mark_alarie','1986','1990','N','Y','Y','1986','1','18',7.5,1.1000000000000000888,3.3999999999999999111,0.0,NULL);
INSERT INTO Player_Attributes VALUES('76020','Gary','Alcorn','G. Alcorn','gary-alcorn','1936-10-08T00:00:00','USA','Fresno State/USA',81.0,225.0,1,'24','Center','Inactive','N','1610612765','Pistons','DET','Detroit','HISTADD_gary_alcorn','1959','1960','N','Y','Y','1959','3','16',3.2999999999999998223,0.29999999999999998889,4.2000000000000001776,0.0,NULL);
INSERT INTO Player_Attributes VALUES('203128','Furkan','Aldemir','F. Aldemir','furkan-aldemir','1991-08-09T00:00:00','Turkey','Galatasaray/Turkey',82.0,240.0,1,'19','Forward-Center','Inactive','N','1610612755','76ers','PHI','Philadelphia','furkan_aldemir','2014','2014','N','Y','Y','2012','2','53',2.2999999999999998223,0.69999999999999995559,4.2999999999999998223,0.0,NULL);
INSERT INTO Player_Attributes VALUES('202332','Cole','Aldrich','C. Aldrich','cole-aldrich','1988-10-31T00:00:00','USA','Kansas/USA',83.0,253.0,8,'45','Center','Inactive','N','1610612752','Knicks','NYK','New York','cole_aldrich','2010','2017','Y','Y','Y','2010','1','11',3.1000000000000000888,0.5,3.2999999999999998223,0.0,NULL);
INSERT INTO Player_Attributes VALUES('200746','LaMarcus','Aldridge','L. Aldridge','lamarcus-aldridge','1985-07-19T00:00:00','USA','Texas/USA',83.0,250.0,14,'12','Center-Forward','Active','Y','1610612759','Spurs','SAS','San Antonio','lamarcus_aldridge','2006','2020','N','Y','Y','2006','1','2',13.699999999999999289,1.6999999999999999555,4.5,NULL,0.096000000000000001998);
INSERT INTO Player_Attributes VALUES('76021','Chuck','Aleksinas','C. Aleksinas','chuck-aleksinas','1959-02-26T00:00:00','USA','Connecticut/USA',83.0,260.0,0,'50','Center','Inactive','N','1610612744','Warriors','GOS','Golden State','HISTADD_chuck_aleksinas','1984','1984','N','Y','Y','1982','4','76',5.0999999999999996447,0.5,3.6000000000000000888,0.0,NULL);
INSERT INTO Player_Attributes VALUES('1626146','Cliff','Alexander','C. Alexander','cliff-alexander','1995-11-16T00:00:00','USA','Kansas/USA',80.0,240.0,1,'34','Forward','Inactive','N','1610612757','Trail Blazers','POR','Portland','cliff_alexander','2015','2015','Y','Y','Y','Undrafted','Undrafted','Undrafted',1.3000000000000000444,0.0,0.8000000000000000444,0.0,NULL);
INSERT INTO Player_Attributes VALUES('724','Cory','Alexander','C. Alexander','cory-alexander','1973-06-22T00:00:00','USA','Virginia/USA',73.0,190.0,7,'12','Guard','Inactive','N','1610612759','Spurs','SAS','San Antonio','cory_alexander','1995','2004','N','Y','Y','1995','1','29',5.5,2.7000000000000001776,1.6000000000000000888,0.0,NULL);
INSERT INTO Player_Attributes VALUES('2042','Courtney','Alexander','C. Alexander','courtney-alexander','1977-04-27T00:00:00','USA','Fresno State/USA',77.0,205.0,3,'32','Guard','Inactive','N','1610612764','Wizards','WAS','Washington','courtney_alexander','2000','2003','N','Y','Y','2000','1','13',9.0,1.1999999999999999555,2.2000000000000001776,0.0,NULL);
INSERT INTO Player_Attributes VALUES('76022','Gary','Alexander','G. Alexander','gary-alexander','1969-11-01T00:00:00','USA','South Florida/USA',79.0,240.0,0,'16','Forward','Inactive','N','1610612739','Cavaliers','CLE','Cleveland','HISTADD_gary_alexander','1993','1993','N','Y','Y','Undrafted','Undrafted','Undrafted',1.6999999999999999555,0.2000000000000000111,1.3999999999999999111,0.0,NULL);
INSERT INTO Player_Attributes VALUES('201570','Joe','Alexander','J. Alexander','joe-alexander','1986-12-26T00:00:00','USA','West Virginia/USA',80.0,230.0,2,'20','Forward','Inactive','N','1610612749','Bucks','MIL','Milwaukee','joe_alexander','2008','2009','Y','Y','Y','2008','1','8',4.2000000000000001776,0.69999999999999995559,1.8000000000000000444,0.0,NULL);
INSERT INTO Player_Attributes VALUES('1629734','Kyle','Alexander','K. Alexander','kyle-alexander','1996-10-21T00:00:00','Canada','Tennessee/Canada',82.0,216.0,1,'17','Forward-Center','Inactive','N','1610612748','Heat','MIA','Miami','kyle_alexander','2019','2019','Y','Y','Y','Undrafted','Undrafted','Undrafted',1.0,0.0,1.5,0.0,NULL);
INSERT INTO Player_Attributes VALUES('2349','Victor','Alexander','V. Alexander','victor-alexander','1969-08-31T00:00:00','USA','Iowa State/USA',82.0,265.0,4,'9','Forward','Inactive','N','1610612744','Warriors','GOS','Golden State','victor_alexander','1991','2001','N','Y','Y','1991','1','17',8.9000000000000003552,0.9000000000000000222,4.7999999999999998223,0.0,NULL);
INSERT INTO Player_Attributes VALUES('1629638','Nickeil','Alexander-Walker','N. Alexander-Walker','nickeil-alexander-walker','1998-09-02T00:00:00','Canada','Virginia Tech/Canada',78.0,205.0,1,'6','Guard','Active','Y','1610612740','Pelicans','NOP','New Orleans','nickeil_alexander-walker','2019','2020','Y','Y','Y','2019','1','17',9.1999999999999992894,1.8999999999999999111,2.7999999999999998223,NULL,0.088999999999999995781);

--------------------------------------- PLAYER PHOTOS ENTRIES ---------------------------------------------------------
INSERT INTO Player_Photos VALUES(0,0,'Alaa Abdelnaby',76001.0,4.0,1990.0,1994.0,NULL,0,'https://stats.nba.com/player/76001','https://stats.nba.com/media/players/230x185/76001.png','https://ak-static.cms.nba.com/wp-content/uploads/headshots/nba/latest/260x190/76001.png','https://stats.nba.com/media/players/700/76001.png',0,1,1,'https://stats.nba.com/media/players/230x185/76001.png');
INSERT INTO Player_Photos VALUES(0,0,'Zaid Abdul-Aziz',76002.0,9.0,1968.0,1977.0,NULL,0,'https://stats.nba.com/player/76002','https://stats.nba.com/media/players/230x185/76002.png','https://ak-static.cms.nba.com/wp-content/uploads/headshots/nba/latest/260x190/76002.png','https://stats.nba.com/media/players/700/76002.png',0,1,1,'https://stats.nba.com/media/players/230x185/76002.png');
INSERT INTO Player_Photos VALUES(0,0,'Kareem Abdul-Jabbar',76003.0,19.0,1969.0,1988.0,NULL,0,'https://stats.nba.com/player/76003','https://stats.nba.com/media/players/230x185/76003.png','https://ak-static.cms.nba.com/wp-content/uploads/headshots/nba/latest/260x190/76003.png','https://stats.nba.com/media/players/700/76003.png',1,1,1,'https://ak-static.cms.nba.com/wp-content/uploads/headshots/nba/latest/260x190/76003.png');
INSERT INTO Player_Photos VALUES(0,0,'Mahmoud Abdul-Rauf',51.0,10.0,1990.0,2000.0,NULL,0,'https://stats.nba.com/player/51','https://stats.nba.com/media/players/230x185/51.png','https://ak-static.cms.nba.com/wp-content/uploads/headshots/nba/latest/260x190/51.png','https://stats.nba.com/media/players/700/51.png',0,1,1,'https://stats.nba.com/media/players/230x185/51.png');
INSERT INTO Player_Photos VALUES(0,0,'Tariq Abdul-Wahad',1505.0,6.0,1997.0,2003.0,NULL,0,'https://stats.nba.com/player/1505','https://stats.nba.com/media/players/230x185/1505.png','https://ak-static.cms.nba.com/wp-content/uploads/headshots/nba/latest/260x190/1505.png','https://stats.nba.com/media/players/700/1505.png',0,1,1,'https://stats.nba.com/media/players/230x185/1505.png');
INSERT INTO Player_Photos VALUES(0,0,'Shareef Abdur-Rahim',949.0,11.0,1996.0,2007.0,NULL,0,'https://stats.nba.com/player/949','https://stats.nba.com/media/players/230x185/949.png','https://ak-static.cms.nba.com/wp-content/uploads/headshots/nba/latest/260x190/949.png','https://stats.nba.com/media/players/700/949.png',1,1,1,'https://ak-static.cms.nba.com/wp-content/uploads/headshots/nba/latest/260x190/949.png');
INSERT INTO Player_Photos VALUES(0,0,'Tom Abernethy',76005.0,4.0,1976.0,1980.0,NULL,0,'https://stats.nba.com/player/76005','https://stats.nba.com/media/players/230x185/76005.png','https://ak-static.cms.nba.com/wp-content/uploads/headshots/nba/latest/260x190/76005.png','https://stats.nba.com/media/players/700/76005.png',0,1,1,'https://stats.nba.com/media/players/230x185/76005.png');
INSERT INTO Player_Photos VALUES(0,0,'Forest Able',76006.0,0.0,1956.0,1956.0,NULL,0,'https://stats.nba.com/player/76006','https://stats.nba.com/media/players/230x185/76006.png','https://ak-static.cms.nba.com/wp-content/uploads/headshots/nba/latest/260x190/76006.png','https://stats.nba.com/media/players/700/76006.png',0,1,1,'https://stats.nba.com/media/players/230x185/76006.png');
INSERT INTO Player_Photos VALUES(0,0,'Alex Acker',101165.0,3.0,2005.0,2008.0,NULL,0,'https://stats.nba.com/player/101165','https://stats.nba.com/media/players/230x185/101165.png','https://ak-static.cms.nba.com/wp-content/uploads/headshots/nba/latest/260x190/101165.png','https://stats.nba.com/media/players/700/101165.png',0,1,1,'https://stats.nba.com/media/players/230x185/101165.png');
INSERT INTO Player_Photos VALUES(0,0,'Donald Ackerman',76008.0,0.0,1953.0,1953.0,NULL,0,'https://stats.nba.com/player/76008','https://stats.nba.com/media/players/230x185/76008.png','https://ak-static.cms.nba.com/wp-content/uploads/headshots/nba/latest/260x190/76008.png','https://stats.nba.com/media/players/700/76008.png',0,1,1,'https://stats.nba.com/media/players/230x185/76008.png');
INSERT INTO Player_Photos VALUES(0,0,'Mark Acres',76009.0,5.0,1987.0,1992.0,NULL,0,'https://stats.nba.com/player/76009','https://stats.nba.com/media/players/230x185/76009.png','https://ak-static.cms.nba.com/wp-content/uploads/headshots/nba/latest/260x190/76009.png','https://stats.nba.com/media/players/700/76009.png',0,1,1,'https://stats.nba.com/media/players/230x185/76009.png');
INSERT INTO Player_Photos VALUES(0,0,'Charles Acton',76010.0,0.0,1967.0,1967.0,NULL,0,'https://stats.nba.com/player/76010','https://stats.nba.com/media/players/230x185/76010.png','https://ak-static.cms.nba.com/wp-content/uploads/headshots/nba/latest/260x190/76010.png','https://stats.nba.com/media/players/700/76010.png',0,1,1,'https://stats.nba.com/media/players/230x185/76010.png');
INSERT INTO Player_Photos VALUES(0,0,'Alvan Adams',76011.0,12.0,1975.0,1987.0,NULL,0,'https://stats.nba.com/player/76011','https://stats.nba.com/media/players/230x185/76011.png','https://ak-static.cms.nba.com/wp-content/uploads/headshots/nba/latest/260x190/76011.png','https://stats.nba.com/media/players/700/76011.png',0,1,1,'https://stats.nba.com/media/players/230x185/76011.png');
INSERT INTO Player_Photos VALUES(0,0,'Don Adams',76012.0,6.0,1970.0,1976.0,NULL,0,'https://stats.nba.com/player/76012','https://stats.nba.com/media/players/230x185/76012.png','https://ak-static.cms.nba.com/wp-content/uploads/headshots/nba/latest/260x190/76012.png','https://stats.nba.com/media/players/700/76012.png',0,1,1,'https://stats.nba.com/media/players/230x185/76012.png');
INSERT INTO Player_Photos VALUES(0,0,'Jordan Adams',203919.0,1.0,2014.0,2015.0,NULL,0,'https://stats.nba.com/player/203919','https://stats.nba.com/media/players/230x185/203919.png','https://ak-static.cms.nba.com/wp-content/uploads/headshots/nba/latest/260x190/203919.png','https://stats.nba.com/media/players/700/203919.png',1,1,1,'https://ak-static.cms.nba.com/wp-content/uploads/headshots/nba/latest/260x190/203919.png');
INSERT INTO Player_Photos VALUES(0,0,'Michael Adams',149.0,10.0,1985.0,1995.0,NULL,0,'https://stats.nba.com/player/149','https://stats.nba.com/media/players/230x185/149.png','https://ak-static.cms.nba.com/wp-content/uploads/headshots/nba/latest/260x190/149.png','https://stats.nba.com/media/players/700/149.png',0,1,1,'https://stats.nba.com/media/players/230x185/149.png');
INSERT INTO Player_Photos VALUES(1,0,'Steven Adams',203500.0,7.0,2013.0,2020.0,1610612740.0,0,'https://stats.nba.com/player/203500','https://stats.nba.com/media/players/230x185/203500.png','https://ak-static.cms.nba.com/wp-content/uploads/headshots/nba/latest/260x190/203500.png','https://stats.nba.com/media/players/700/203500.png',1,1,1,'https://ak-static.cms.nba.com/wp-content/uploads/headshots/nba/latest/260x190/203500.png');
INSERT INTO Player_Photos VALUES(0,0,'Rafael Addison',912.0,10.0,1986.0,1996.0,NULL,0,'https://stats.nba.com/player/912','https://stats.nba.com/media/players/230x185/912.png','https://ak-static.cms.nba.com/wp-content/uploads/headshots/nba/latest/260x190/912.png','https://stats.nba.com/media/players/700/912.png',0,1,1,'https://stats.nba.com/media/players/230x185/912.png');
INSERT INTO Player_Photos VALUES(1,0,'Bam Adebayo',1628389.0,3.0,2017.0,2020.0,1610612748.0,0,'https://stats.nba.com/player/1628389','https://ak-static.cms.nba.com/wp-content/uploads/headshots/nba/latest/260x190/1628389.png','https://ak-static.cms.nba.com/wp-content/uploads/headshots/nba/latest/260x190/1628389.png','https://stats.nba.com/media/players/700/1628389.png',1,1,0,'https://ak-static.cms.nba.com/wp-content/uploads/headshots/nba/latest/260x190/1628389.png');
INSERT INTO Player_Photos VALUES(0,0,'Deng Adel',1629061.0,0.0,2018.0,2018.0,NULL,0,'https://stats.nba.com/player/1629061','https://ak-static.cms.nba.com/wp-content/uploads/headshots/nba/latest/260x190/1629061.png','https://ak-static.cms.nba.com/wp-content/uploads/headshots/nba/latest/260x190/1629061.png','https://stats.nba.com/media/players/700/1629061.png',1,1,1,'https://ak-static.cms.nba.com/wp-content/uploads/headshots/nba/latest/260x190/1629061.png');
INSERT INTO Player_Photos VALUES(0,0,'Rick Adelman',76015.0,6.0,1968.0,1974.0,NULL,0,'https://stats.nba.com/player/76015','https://stats.nba.com/media/players/230x185/76015.png','https://ak-static.cms.nba.com/wp-content/uploads/headshots/nba/latest/260x190/76015.png','https://stats.nba.com/media/players/700/76015.png',0,1,1,'https://stats.nba.com/media/players/230x185/76015.png');
INSERT INTO Player_Photos VALUES(0,0,'Arron Afflalo',201167.0,10.0,2007.0,2017.0,NULL,0,'https://stats.nba.com/player/201167','https://stats.nba.com/media/players/230x185/201167.png','https://ak-static.cms.nba.com/wp-content/uploads/headshots/nba/latest/260x190/201167.png','https://stats.nba.com/media/players/700/201167.png',1,1,1,'https://ak-static.cms.nba.com/wp-content/uploads/headshots/nba/latest/260x190/201167.png');
INSERT INTO Player_Photos VALUES(0,0,'Mark Aguirre',76016.0,12.0,1981.0,1993.0,NULL,0,'https://stats.nba.com/player/76016','https://stats.nba.com/media/players/230x185/76016.png','https://ak-static.cms.nba.com/wp-content/uploads/headshots/nba/latest/260x190/76016.png','https://stats.nba.com/media/players/700/76016.png',0,1,1,'https://stats.nba.com/media/players/230x185/76016.png');
INSERT INTO Player_Photos VALUES(0,0,'Blake Ahearn',201336.0,4.0,2007.0,2011.0,NULL,0,'https://stats.nba.com/player/201336','https://stats.nba.com/media/players/230x185/201336.png','https://ak-static.cms.nba.com/wp-content/uploads/headshots/nba/latest/260x190/201336.png','https://stats.nba.com/media/players/700/201336.png',0,1,1,'https://stats.nba.com/media/players/230x185/201336.png');
INSERT INTO Player_Photos VALUES(0,0,'Danny Ainge',76017.0,13.0,1981.0,1994.0,NULL,0,'https://stats.nba.com/player/76017','https://stats.nba.com/media/players/230x185/76017.png','https://ak-static.cms.nba.com/wp-content/uploads/headshots/nba/latest/260x190/76017.png','https://stats.nba.com/media/players/700/76017.png',0,1,1,'https://stats.nba.com/media/players/230x185/76017.png');
INSERT INTO Player_Photos VALUES(0,0,'Alexis Ajinca',201582.0,9.0,2008.0,2017.0,NULL,0,'https://stats.nba.com/player/201582','https://stats.nba.com/media/players/230x185/201582.png','https://ak-static.cms.nba.com/wp-content/uploads/headshots/nba/latest/260x190/201582.png','https://stats.nba.com/media/players/700/201582.png',1,1,1,'https://ak-static.cms.nba.com/wp-content/uploads/headshots/nba/latest/260x190/201582.png');
INSERT INTO Player_Photos VALUES(0,0,'Henry Akin',76018.0,1.0,1966.0,1967.0,NULL,0,'https://stats.nba.com/player/76018','https://stats.nba.com/media/players/230x185/76018.png','https://ak-static.cms.nba.com/wp-content/uploads/headshots/nba/latest/260x190/76018.png','https://stats.nba.com/media/players/700/76018.png',0,1,1,'https://stats.nba.com/media/players/230x185/76018.png');
INSERT INTO Player_Photos VALUES(0,0,'Josh Akognon',203006.0,0.0,2012.0,2012.0,NULL,0,'https://stats.nba.com/player/203006','https://stats.nba.com/media/players/230x185/203006.png','https://ak-static.cms.nba.com/wp-content/uploads/headshots/nba/latest/260x190/203006.png','https://stats.nba.com/media/players/700/203006.png',0,1,0,'https://stats.nba.com/media/players/230x185/203006.png');
INSERT INTO Player_Photos VALUES(0,0,'Solomon Alabi',202374.0,1.0,2010.0,2011.0,NULL,0,'https://stats.nba.com/player/202374','https://stats.nba.com/media/players/230x185/202374.png','https://ak-static.cms.nba.com/wp-content/uploads/headshots/nba/latest/260x190/202374.png','https://stats.nba.com/media/players/700/202374.png',0,1,1,'https://stats.nba.com/media/players/230x185/202374.png');
INSERT INTO Player_Photos VALUES(0,0,'Mark Alarie',76019.0,4.0,1986.0,1990.0,NULL,0,'https://stats.nba.com/player/76019','https://stats.nba.com/media/players/230x185/76019.png','https://ak-static.cms.nba.com/wp-content/uploads/headshots/nba/latest/260x190/76019.png','https://stats.nba.com/media/players/700/76019.png',0,1,1,'https://stats.nba.com/media/players/230x185/76019.png');
INSERT INTO Player_Photos VALUES(0,0,'Gary Alcorn',76020.0,1.0,1959.0,1960.0,NULL,0,'https://stats.nba.com/player/76020','https://stats.nba.com/media/players/230x185/76020.png','https://ak-static.cms.nba.com/wp-content/uploads/headshots/nba/latest/260x190/76020.png','https://stats.nba.com/media/players/700/76020.png',0,1,1,'https://stats.nba.com/media/players/230x185/76020.png');
INSERT INTO Player_Photos VALUES(0,0,'Furkan Aldemir',203128.0,0.0,2014.0,2014.0,NULL,0,'https://stats.nba.com/player/203128','https://stats.nba.com/media/players/230x185/203128.png','https://ak-static.cms.nba.com/wp-content/uploads/headshots/nba/latest/260x190/203128.png','https://stats.nba.com/media/players/700/203128.png',1,1,1,'https://ak-static.cms.nba.com/wp-content/uploads/headshots/nba/latest/260x190/203128.png');
INSERT INTO Player_Photos VALUES(0,0,'Cole Aldrich',202332.0,7.0,2010.0,2017.0,NULL,0,'https://stats.nba.com/player/202332','https://stats.nba.com/media/players/230x185/202332.png','https://ak-static.cms.nba.com/wp-content/uploads/headshots/nba/latest/260x190/202332.png','https://stats.nba.com/media/players/700/202332.png',1,1,1,'https://ak-static.cms.nba.com/wp-content/uploads/headshots/nba/latest/260x190/202332.png');
INSERT INTO Player_Photos VALUES(1,0,'LaMarcus Aldridge',200746.0,14.0,2006.0,2020.0,1610612751.0,0,'https://stats.nba.com/player/200746','https://stats.nba.com/media/players/230x185/200746.png','https://ak-static.cms.nba.com/wp-content/uploads/headshots/nba/latest/260x190/200746.png','https://stats.nba.com/media/players/700/200746.png',1,1,1,'https://ak-static.cms.nba.com/wp-content/uploads/headshots/nba/latest/260x190/200746.png');
INSERT INTO Player_Photos VALUES(0,0,'Chuck Aleksinas',76021.0,0.0,1984.0,1984.0,NULL,0,'https://stats.nba.com/player/76021','https://stats.nba.com/media/players/230x185/76021.png','https://ak-static.cms.nba.com/wp-content/uploads/headshots/nba/latest/260x190/76021.png','https://stats.nba.com/media/players/700/76021.png',0,1,1,'https://stats.nba.com/media/players/230x185/76021.png');
INSERT INTO Player_Photos VALUES(0,0,'Cliff Alexander',1626146.0,0.0,2015.0,2015.0,NULL,0,'https://stats.nba.com/player/1626146','https://stats.nba.com/media/players/230x185/1626146.png','https://ak-static.cms.nba.com/wp-content/uploads/headshots/nba/latest/260x190/1626146.png','https://stats.nba.com/media/players/700/1626146.png',1,1,1,'https://ak-static.cms.nba.com/wp-content/uploads/headshots/nba/latest/260x190/1626146.png');
INSERT INTO Player_Photos VALUES(0,0,'Cory Alexander',724.0,9.0,1995.0,2004.0,NULL,0,'https://stats.nba.com/player/724','https://stats.nba.com/media/players/230x185/724.png','https://ak-static.cms.nba.com/wp-content/uploads/headshots/nba/latest/260x190/724.png','https://stats.nba.com/media/players/700/724.png',0,1,1,'https://stats.nba.com/media/players/230x185/724.png');
INSERT INTO Player_Photos VALUES(0,0,'Courtney Alexander',2042.0,3.0,2000.0,2003.0,NULL,0,'https://stats.nba.com/player/2042','https://stats.nba.com/media/players/230x185/2042.png','https://ak-static.cms.nba.com/wp-content/uploads/headshots/nba/latest/260x190/2042.png','https://stats.nba.com/media/players/700/2042.png',0,1,1,'https://stats.nba.com/media/players/230x185/2042.png');
INSERT INTO Player_Photos VALUES(0,0,'Gary Alexander',76022.0,0.0,1993.0,1993.0,NULL,0,'https://stats.nba.com/player/76022','https://stats.nba.com/media/players/230x185/76022.png','https://ak-static.cms.nba.com/wp-content/uploads/headshots/nba/latest/260x190/76022.png','https://stats.nba.com/media/players/700/76022.png',0,1,1,'https://stats.nba.com/media/players/230x185/76022.png');
INSERT INTO Player_Photos VALUES(0,0,'Joe Alexander',201570.0,1.0,2008.0,2009.0,NULL,0,'https://stats.nba.com/player/201570','https://stats.nba.com/media/players/230x185/201570.png','https://ak-static.cms.nba.com/wp-content/uploads/headshots/nba/latest/260x190/201570.png','https://stats.nba.com/media/players/700/201570.png',0,1,1,'https://stats.nba.com/media/players/230x185/201570.png');
INSERT INTO Player_Photos VALUES(0,0,'Kyle Alexander',1629734.0,0.0,2019.0,2019.0,NULL,0,'https://stats.nba.com/player/1629734','https://ak-static.cms.nba.com/wp-content/uploads/headshots/nba/latest/260x190/1629734.png','https://ak-static.cms.nba.com/wp-content/uploads/headshots/nba/latest/260x190/1629734.png','https://stats.nba.com/media/players/700/1629734.png',NULL,NULL,NULL,'https://stats.nba.com/media/img/league/nba-headshot-fallback.png');
INSERT INTO Player_Photos VALUES(0,0,'Victor Alexander',2349.0,10.0,1991.0,2001.0,NULL,0,'https://stats.nba.com/player/2349','https://stats.nba.com/media/players/230x185/2349.png','https://ak-static.cms.nba.com/wp-content/uploads/headshots/nba/latest/260x190/2349.png','https://stats.nba.com/media/players/700/2349.png',0,1,1,'https://stats.nba.com/media/players/230x185/2349.png');
INSERT INTO Player_Photos VALUES(1,0,'Nickeil Alexander-Walker',1629638.0,1.0,2019.0,2020.0,1610612740.0,0,'https://stats.nba.com/player/1629638','https://ak-static.cms.nba.com/wp-content/uploads/headshots/nba/latest/260x190/1629638.png','https://ak-static.cms.nba.com/wp-content/uploads/headshots/nba/latest/260x190/1629638.png','https://stats.nba.com/media/players/700/1629638.png',NULL,NULL,NULL,'https://stats.nba.com/media/img/league/nba-headshot-fallback.png');


--------------------------------------- PLAYER BIOS ENTRIES ---------------------------------------------------------
INSERT INTO Player_Bios VALUES('Alaa Abdelnaby','https://www.basketball-reference.com/players/a/abdelal01.html','Transactions',NULL,'abdelal01',1,7482.0,'Drafted by the Portland Trail Blazers in the 1st round (25th pick) of the 1990 NBA Draft.',0,1,0,0,0,NULL,NULL,NULL,NULL,NULL,NULL,NULL,NULL,NULL,NULL,NULL,NULL,NULL,NULL,NULL,NULL,NULL,NULL,NULL,NULL,NULL,NULL,NULL,NULL,NULL,NULL,NULL);
INSERT INTO Player_Bios VALUES('Alaa Abdelnaby','https://www.basketball-reference.com/players/a/abdelal01.html','Transactions',NULL,'abdelal01',2,8217.0,'Traded by the Portland Trail Blazers to the Milwaukee Bucks for Tracy Murray.',0,0,0,0,1,NULL,NULL,NULL,NULL,NULL,NULL,NULL,NULL,NULL,NULL,NULL,NULL,NULL,NULL,NULL,NULL,NULL,NULL,NULL,NULL,NULL,NULL,NULL,NULL,NULL,NULL,NULL);
INSERT INTO Player_Bios VALUES('Alaa Abdelnaby','https://www.basketball-reference.com/players/a/abdelal01.html','Transactions',NULL,'abdelal01',3,8373.0,'Traded by the Milwaukee Bucks to the Boston Celtics for Jon Barry and a 1995 2nd round draft pick (Eric Snow was later selected).',0,0,0,0,1,NULL,NULL,NULL,NULL,NULL,NULL,NULL,NULL,NULL,NULL,NULL,NULL,NULL,NULL,NULL,NULL,NULL,NULL,NULL,NULL,NULL,NULL,NULL,NULL,NULL,NULL,NULL);
INSERT INTO Player_Bios VALUES('Alaa Abdelnaby','https://www.basketball-reference.com/players/a/abdelal01.html','Transactions',NULL,'abdelal01',4,8972.0,'Signed as an unrestricted free agent with the Sacramento Kings.',0,0,1,0,0,NULL,NULL,NULL,NULL,NULL,NULL,NULL,NULL,NULL,NULL,NULL,NULL,NULL,NULL,NULL,NULL,NULL,NULL,NULL,NULL,NULL,NULL,NULL,NULL,NULL,NULL,NULL);
INSERT INTO Player_Bios VALUES('Alaa Abdelnaby','https://www.basketball-reference.com/players/a/abdelal01.html','Transactions',NULL,'abdelal01',5,9210.0,'Waived by the Sacramento Kings.',0,0,0,1,0,NULL,NULL,NULL,NULL,NULL,NULL,NULL,NULL,NULL,NULL,NULL,NULL,NULL,NULL,NULL,NULL,NULL,NULL,NULL,NULL,NULL,NULL,NULL,NULL,NULL,NULL,NULL);
INSERT INTO Player_Bios VALUES('Alaa Abdelnaby','https://www.basketball-reference.com/players/a/abdelal01.html','Transactions',NULL,'abdelal01',6,9213.0,'Signed the first of two 10-day contracts with the Philadelphia 76ers.',0,0,1,0,0,NULL,NULL,NULL,NULL,NULL,NULL,NULL,NULL,NULL,NULL,NULL,NULL,NULL,NULL,NULL,NULL,NULL,NULL,NULL,NULL,NULL,NULL,NULL,NULL,NULL,NULL,NULL);
INSERT INTO Player_Bios VALUES('Alaa Abdelnaby','https://www.basketball-reference.com/players/a/abdelal01.html','Transactions',NULL,'abdelal01',7,9232.0,'Waived by the Philadelphia 76ers.',0,0,0,1,0,NULL,NULL,NULL,NULL,NULL,NULL,NULL,NULL,NULL,NULL,NULL,NULL,NULL,NULL,NULL,NULL,NULL,NULL,NULL,NULL,NULL,NULL,NULL,NULL,NULL,NULL,NULL);
INSERT INTO Player_Bios VALUES('Alaa Abdelnaby','https://www.basketball-reference.com/players/a/abdelal01.html','Salaries',NULL,'abdelal01',NULL,NULL,NULL,NULL,NULL,NULL,NULL,NULL,'1990-91','Portland Trail Blazers','NBA',395000.0,NULL,NULL,NULL,NULL,NULL,NULL,NULL,NULL,NULL,NULL,NULL,NULL,NULL,NULL,NULL,NULL,NULL,NULL,NULL,NULL,NULL,NULL,NULL);
INSERT INTO Player_Bios VALUES('Alaa Abdelnaby','https://www.basketball-reference.com/players/a/abdelal01.html','Salaries',NULL,'abdelal01',NULL,NULL,NULL,NULL,NULL,NULL,NULL,NULL,'1991-92','Portland Trail Blazers','NBA',494000.0,NULL,NULL,NULL,NULL,NULL,NULL,NULL,NULL,NULL,NULL,NULL,NULL,NULL,NULL,NULL,NULL,NULL,NULL,NULL,NULL,NULL,NULL,NULL);
INSERT INTO Player_Bios VALUES('Alaa Abdelnaby','https://www.basketball-reference.com/players/a/abdelal01.html','Salaries',NULL,'abdelal01',NULL,NULL,NULL,NULL,NULL,NULL,NULL,NULL,'1992-93','Boston Celtics','NBA',500000.0,NULL,NULL,NULL,NULL,NULL,NULL,NULL,NULL,NULL,NULL,NULL,NULL,NULL,NULL,NULL,NULL,NULL,NULL,NULL,NULL,NULL,NULL,NULL);
INSERT INTO Player_Bios VALUES('Alaa Abdelnaby','https://www.basketball-reference.com/players/a/abdelal01.html','Salaries',NULL,'abdelal01',NULL,NULL,NULL,NULL,NULL,NULL,NULL,NULL,'1993-94','Boston Celtics','NBA',805000.0,NULL,NULL,NULL,NULL,NULL,NULL,NULL,NULL,NULL,NULL,NULL,NULL,NULL,NULL,NULL,NULL,NULL,NULL,NULL,NULL,NULL,NULL,NULL);
INSERT INTO Player_Bios VALUES('Alaa Abdelnaby','https://www.basketball-reference.com/players/a/abdelal01.html','Salaries',NULL,'abdelal01',NULL,NULL,NULL,NULL,NULL,NULL,NULL,NULL,'1994-95','Sacramento Kings','NBA',650000.0,NULL,NULL,NULL,NULL,NULL,NULL,NULL,NULL,NULL,NULL,NULL,NULL,NULL,NULL,NULL,NULL,NULL,NULL,NULL,NULL,NULL,NULL,NULL);
INSERT INTO Player_Bios VALUES('Zaid Abdul-Aziz','https://www.basketball-reference.com/players/a/abdulza01.html','Transactions',NULL,'abdulza01',2,-335.0,'Traded by the Cincinnati Royals with cash to the Milwaukee Bucks for Fred Hetzel.',0,0,0,0,1,NULL,NULL,NULL,NULL,NULL,NULL,NULL,NULL,NULL,NULL,NULL,NULL,NULL,NULL,NULL,NULL,NULL,NULL,NULL,NULL,NULL,NULL,NULL,NULL,NULL,NULL,NULL);
INSERT INTO Player_Bios VALUES('Zaid Abdul-Aziz','https://www.basketball-reference.com/players/a/abdulza01.html','Transactions',NULL,'abdulza01',3,259.0,'Traded by the Milwaukee Bucks with cash to the Seattle SuperSonics for Lucius Allen and Bob Boozer.',0,0,0,0,1,NULL,NULL,NULL,NULL,NULL,NULL,NULL,NULL,NULL,NULL,NULL,NULL,NULL,NULL,NULL,NULL,NULL,NULL,NULL,NULL,NULL,NULL,NULL,NULL,NULL,NULL,NULL);
INSERT INTO Player_Bios VALUES('Zaid Abdul-Aziz','https://www.basketball-reference.com/players/a/abdulza01.html','Transactions',NULL,'abdulza01',4,991.0,'Player rights sold by the Seattle SuperSonics to the Houston Rockets.',0,0,0,0,0,NULL,NULL,NULL,NULL,NULL,NULL,NULL,NULL,NULL,NULL,NULL,NULL,NULL,NULL,NULL,NULL,NULL,NULL,NULL,NULL,NULL,NULL,NULL,NULL,NULL,NULL,NULL);
INSERT INTO Player_Bios VALUES('Zaid Abdul-Aziz','https://www.basketball-reference.com/players/a/abdulza01.html','Transactions',NULL,'abdulza01',5,2038.0,'Waived by the Houston Rockets.',0,0,0,1,0,NULL,NULL,NULL,NULL,NULL,NULL,NULL,NULL,NULL,NULL,NULL,NULL,NULL,NULL,NULL,NULL,NULL,NULL,NULL,NULL,NULL,NULL,NULL,NULL,NULL,NULL,NULL);
INSERT INTO Player_Bios VALUES('Zaid Abdul-Aziz','https://www.basketball-reference.com/players/a/abdulza01.html','Transactions',NULL,'abdulza01',6,2221.0,'Signed as a free agent with the Seattle SuperSonics.',0,0,1,0,0,NULL,NULL,NULL,NULL,NULL,NULL,NULL,NULL,NULL,NULL,NULL,NULL,NULL,NULL,NULL,NULL,NULL,NULL,NULL,NULL,NULL,NULL,NULL,NULL,NULL,NULL,NULL);
INSERT INTO Player_Bios VALUES('Zaid Abdul-Aziz','https://www.basketball-reference.com/players/a/abdulza01.html','Transactions',NULL,'abdulza01',7,2521.0,'Signed as a veteran free agent with the Buffalo Braves.',0,0,1,0,0,NULL,NULL,NULL,NULL,NULL,NULL,NULL,NULL,NULL,NULL,NULL,NULL,NULL,NULL,NULL,NULL,NULL,NULL,NULL,NULL,NULL,NULL,NULL,NULL,NULL,NULL,NULL);
INSERT INTO Player_Bios VALUES('Zaid Abdul-Aziz','https://www.basketball-reference.com/players/a/abdulza01.html','Transactions',NULL,'abdulza01',8,2576.0,'Waived by the Buffalo Braves.',0,0,0,1,0,NULL,NULL,NULL,NULL,NULL,NULL,NULL,NULL,NULL,NULL,NULL,NULL,NULL,NULL,NULL,NULL,NULL,NULL,NULL,NULL,NULL,NULL,NULL,NULL,NULL,NULL,NULL);
INSERT INTO Player_Bios VALUES('Zaid Abdul-Aziz','https://www.basketball-reference.com/players/a/abdulza01.html','Transactions',NULL,'abdulza01',9,2966.0,'Signed as a free agent with the Boston Celtics.',0,0,1,0,0,NULL,NULL,NULL,NULL,NULL,NULL,NULL,NULL,NULL,NULL,NULL,NULL,NULL,NULL,NULL,NULL,NULL,NULL,NULL,NULL,NULL,NULL,NULL,NULL,NULL,NULL,NULL);
INSERT INTO Player_Bios VALUES('Zaid Abdul-Aziz','https://www.basketball-reference.com/players/a/abdulza01.html','Transactions',NULL,'abdulza01',10,2976.0,'Waived by the Boston Celtics.',0,0,0,1,0,NULL,NULL,NULL,NULL,NULL,NULL,NULL,NULL,NULL,NULL,NULL,NULL,NULL,NULL,NULL,NULL,NULL,NULL,NULL,NULL,NULL,NULL,NULL,NULL,NULL,NULL,NULL);
INSERT INTO Player_Bios VALUES('Zaid Abdul-Aziz','https://www.basketball-reference.com/players/a/abdulza01.html','Transactions',NULL,'abdulza01',11,2982.0,'Signed as a free agent with the Houston Rockets.',0,0,1,0,0,NULL,NULL,NULL,NULL,NULL,NULL,NULL,NULL,NULL,NULL,NULL,NULL,NULL,NULL,NULL,NULL,NULL,NULL,NULL,NULL,NULL,NULL,NULL,NULL,NULL,NULL,NULL);
INSERT INTO Player_Bios VALUES('Zaid Abdul-Aziz','https://www.basketball-reference.com/players/a/abdulza01.html','Transactions',NULL,'abdulza01',12,3092.0,'Waived by the Houston Rockets.',0,0,0,1,0,NULL,NULL,NULL,NULL,NULL,NULL,NULL,NULL,NULL,NULL,NULL,NULL,NULL,NULL,NULL,NULL,NULL,NULL,NULL,NULL,NULL,NULL,NULL,NULL,NULL,NULL,NULL);
INSERT INTO Player_Bios VALUES('Furkan Aldemir','https://www.basketball-reference.com/players/a/aldemfu01.html','Biography','https://www.basketball-reference.com/req/202103225/images/players/aldemfu01.jpg','aldemfu01',NULL,NULL,NULL,NULL,NULL,NULL,NULL,NULL,NULL,NULL,NULL,NULL,NULL,'\ALE-deh-meer\','Power Forward▪Shoots',82.0,240.0,7890.0,'Konak\, Turkeytr','Konak','Turkeytr',NULL,NULL,16419.0,'1 year',NULL,'furkanaldemir19',NULL,NULL,NULL,NULL,NULL,NULL,NULL,NULL);
INSERT INTO Player_Bios VALUES('Furkan Aldemir','https://www.basketball-reference.com/players/a/aldemfu01.html','Transactions','https://www.basketball-reference.com/req/202103225/images/players/aldemfu01.jpg','aldemfu01',1,15519.0,'Drafted by the Los Angeles Clippers in the 2nd round (53rd pick) of the 2012 NBA Draft.',0,1,0,0,0,NULL,NULL,NULL,NULL,NULL,NULL,NULL,NULL,NULL,NULL,NULL,NULL,NULL,NULL,NULL,NULL,NULL,NULL,NULL,NULL,NULL,NULL,NULL,NULL,NULL,NULL,NULL);
INSERT INTO Player_Bios VALUES('Furkan Aldemir','https://www.basketball-reference.com/players/a/aldemfu01.html','Transactions','https://www.basketball-reference.com/req/202103225/images/players/aldemfu01.jpg','aldemfu01',2,15520.0,'As part of a 4-team trade, traded by the Los Angeles Clippers to the Houston Rockets; the Dallas Mavericks traded Lamar Odom to the Los Angeles Clippers; the Dallas Mavericks traded Shan Foster to the Utah Jazz; the Houston Rockets traded cash to the Dallas Mavericks; the Los Angeles Clippers traded Mo Williams to the Utah Jazz; and  the Utah Jazz traded Tadija Dragicevic to the Dallas Mavericks.',0,0,0,0,1,NULL,NULL,NULL,NULL,NULL,NULL,NULL,NULL,NULL,NULL,NULL,NULL,NULL,NULL,NULL,NULL,NULL,NULL,NULL,NULL,NULL,NULL,NULL,NULL,NULL,NULL,NULL);
INSERT INTO Player_Bios VALUES('Furkan Aldemir','https://www.basketball-reference.com/players/a/aldemfu01.html','Transactions','https://www.basketball-reference.com/req/202103225/images/players/aldemfu01.jpg','aldemfu01',3,15899.0,'Traded by the Houston Rockets with Royce White and cash to the Philadelphia 76ers for a 2014 2nd round draft pick. (Top-55 protected, so never conveyed)',0,0,0,0,1,NULL,NULL,NULL,NULL,NULL,NULL,NULL,NULL,NULL,NULL,NULL,NULL,NULL,NULL,NULL,NULL,NULL,NULL,NULL,NULL,NULL,NULL,NULL,NULL,NULL,NULL,NULL);
INSERT INTO Player_Bios VALUES('Furkan Aldemir','https://www.basketball-reference.com/players/a/aldemfu01.html','Transactions','https://www.basketball-reference.com/req/202103225/images/players/aldemfu01.jpg','aldemfu01',4,16419.0,'Signed a multi-year contract with the Philadelphia 76ers',0,0,1,0,0,NULL,NULL,NULL,NULL,NULL,NULL,NULL,NULL,NULL,NULL,NULL,NULL,NULL,NULL,NULL,NULL,NULL,NULL,NULL,NULL,NULL,NULL,NULL,NULL,NULL,NULL,NULL);
INSERT INTO Player_Bios VALUES('Furkan Aldemir','https://www.basketball-reference.com/players/a/aldemfu01.html','Transactions','https://www.basketball-reference.com/req/202103225/images/players/aldemfu01.jpg','aldemfu01',5,16734.0,'Waived by the Philadelphia 76ers.',0,0,0,1,0,NULL,NULL,NULL,NULL,NULL,NULL,NULL,NULL,NULL,NULL,NULL,NULL,NULL,NULL,NULL,NULL,NULL,NULL,NULL,NULL,NULL,NULL,NULL,NULL,NULL,NULL,NULL);
INSERT INTO Player_Bios VALUES('Furkan Aldemir','https://www.basketball-reference.com/players/a/aldemfu01.html','Salaries','https://www.basketball-reference.com/req/202103225/images/players/aldemfu01.jpg','aldemfu01',NULL,NULL,NULL,NULL,NULL,NULL,NULL,NULL,'2014-15','Philadelphia 76ers','NBA',3000000.0,NULL,NULL,NULL,NULL,NULL,NULL,NULL,NULL,NULL,NULL,NULL,NULL,NULL,NULL,NULL,NULL,NULL,NULL,NULL,NULL,NULL,NULL,NULL);
INSERT INTO Player_Bios VALUES('Furkan Aldemir','https://www.basketball-reference.com/players/a/aldemfu01.html','Salaries','https://www.basketball-reference.com/req/202103225/images/players/aldemfu01.jpg','aldemfu01',NULL,NULL,NULL,NULL,NULL,NULL,NULL,NULL,'2015-16','Philadelphia 76ers','NBA',3000000.0,NULL,NULL,NULL,NULL,NULL,NULL,NULL,NULL,NULL,NULL,NULL,NULL,NULL,NULL,NULL,NULL,NULL,NULL,NULL,NULL,NULL,NULL,NULL);

-------------------------------------------------------DRAFT ENTRIES------------------------------------------------
INSERT INTO Draft VALUES(DEFAULT,1990.0,25.0,1.0,25.0,'Duke','College/University',76001.0,1610612757.0,1.0,'COL',NULL);
INSERT INTO Draft VALUES(DEFAULT,1968.0,5.0,1.0,5.0,'Iowa State','College/University',76002.0,1610612758.0,1.0,'COL',NULL);
INSERT INTO Draft VALUES(DEFAULT,1969.0,1.0,1.0,1.0,'California-Los Angeles','College/University',76003.0,1610612749.0,1.0,'COL',NULL);
INSERT INTO Draft VALUES(DEFAULT,1997.0,11.0,1.0,11.0,'San Jose State','College/University',1505.0,1610612758.0,1.0,'COL',NULL);
INSERT INTO Draft VALUES(DEFAULT,1996.0,3.0,1.0,3.0,'California','College/University',949.0,1610612763.0,1.0,'COL',NULL);
INSERT INTO Draft VALUES(DEFAULT,1976.0,43.0,3.0,9.0,'Indiana','College/University',76005.0,1610612747.0,1.0,'COL',NULL);
INSERT INTO Draft VALUES(DEFAULT,1956.0,0.0,0.0,0.0,'Western Kentucky','College/University',76006.0,1610612755.0,1.0,'COL',NULL);
INSERT INTO Draft VALUES(DEFAULT,2005.0,60.0,2.0,30.0,'Pepperdine','College/University',101165.0,1610612765.0,1.0,'COL',NULL);
INSERT INTO Draft VALUES(DEFAULT,2013.0,12.0,1.0,12.0,'Pittsburgh','College/University',203500.0,1610612760.0,1.0,'COL',NULL);
INSERT INTO Draft VALUES(DEFAULT,1982.0,76.0,4.0,7.0,'Connecticut','College/University',76021.0,1610612741.0,1.0,'COL',NULL);
INSERT INTO Draft VALUES(DEFAULT,2000.0,13.0,1.0,13.0,'Fresno State','College/University',2042.0,1610612753.0,1.0,'COL',NULL);
INSERT INTO Draft VALUES(DEFAULT,1966.0,11.0,2.0,1.0,'Morehead State','College/University',76018.0,1610612752.0,1.0,'COL',NULL);
INSERT INTO Draft VALUES(DEFAULT,1991.0,17.0,1.0,17.0,'Iowa State','College/University',2349.0,1610612744.0,1.0,'COL',NULL);
INSERT INTO Draft VALUES(DEFAULT,1981.0,31.0,2.0,8.0,'Brigham Young','College/University',76017.0,1610612738.0,1.0,'COL',NULL);
INSERT INTO Draft VALUES(DEFAULT,2008.0,20.0,1.0,20.0,'Hyeres-Toulon Var Basket','Other Team/Club',201582.0,1610612766.0,1.0,'PRO','France');
INSERT INTO Draft VALUES(DEFAULT,1986.0,39.0,2.0,15.0,'Syracuse','College/University',912.0,1610612756.0,1.0,'COL',NULL);

-------------------------------------------------------DRAFT_COMBINE ENTRIES------------------------------------------------
INSERT INTO Draft_Combine VALUES(DEFAULT,2006,101165.0,'SG',75.749999999999999998,'6'' 3.75''''',183.0,84.0,'7'' 0''''',102.49999999999999999,'8'' 6.5''''',28.0,32.0,11.669999999999999928,3.3499999999999996447,11.0);
INSERT INTO Draft_Combine VALUES(DEFAULT,2014,203500.0,'C',82.749999999999999996,'6'' 10.75''''',254.5,88.500000000000000003,'7'' 4.5''''',109.5,'9'' 1.5''''',28.499999999999999999,33.0,11.85000000000000142,3.3999999999999999111,16.0);
INSERT INTO Draft_Combine VALUES(DEFAULT,2020,1629638.0,'SG',76.25,'6'' 4.25''''',203.80000000000001137,81.499999999999999996,'6'' 9.5''''',102.0,'8'' 6''''',NULL,NULL,NULL,NULL,NULL);
INSERT INTO Draft_Combine VALUES(DEFAULT,2009,201570.0,'SF-PF',79.250000000000000001,'6'' 7.25''''',220.0,83.500000000000000003,'6'' 11.5''''',106.0,'8'' 10''''',32.5,38.499999999999999999,11.330000000000000071,2.989999999999999769,24.0);
INSERT INTO Draft_Combine VALUES(DEFAULT,2007,200746.0,'PF-C',82.0,'6'' 10''''',234.0,88.75,'7'' 4.75''''',110.0,'9'' 2''''',26.5,34.0,12.019999999999999573,3.4299999999999997157,8.0);
INSERT INTO Draft_Combine VALUES(DEFAULT,2018,1628389.0,'PF-C',80.749999999999999998,'6'' 8.75''''',242.59999999999999431,86.750000000000000001,'7'' 2.75''''',108.0,'9'' 0''''',33.499999999999999999,38.499999999999999999,11.939999999999999502,3.2400000000000002131,12.0);
INSERT INTO Draft_Combine VALUES(DEFAULT,2015,203919.0,'SG',75.500000000000000001,'6'' 3.5''''',208.80000000000001137,82.0,'6'' 10''''',102.0,'8'' 6''''',24.5,29.5,12.129999999999999005,3.5);
INSERT INTO Draft_Combine VALUES(DEFAULT,2011,202332.0,'C',81.0,'6'' 9''''',236.0,88.75,'7'' 4.75''''',111.5,'9'' 3.5''''',23.0,28.0,11.480000000000000426,3.3499999999999996447,10.0);

---------------------------------------------------------GAME ENTRIES--------------------------------------------------------------------------

INSERT INTO Game VALUES(0022001078,1610612759,'San Antonio Spurs','2021-05-16','L',121,1610612756,'Phoenix Suns','W',123);
INSERT INTO Game VALUES(0022001070,1610612744,'Golden State Warriors','2021-05-16','W',113,1610612763,'Memphis Grizzlies','L',101);
INSERT INTO Game VALUES(0022001067,1610612751,'Brooklyn Nets','2021-05-16','W',123,1610612739,'Cleveland Cavaliers','L',109);
INSERT INTO Game VALUES(0022001066,1610612737,'Atlanta Hawks','2021-05-16','W',124,1610612745,'Houston Rockets','L',95);
INSERT INTO Game VALUES(0022001075,1610612755,'Philadelphia 76ers','2021-05-16','W',128,1610612753,'Orlando Magic','L',117);
INSERT INTO Game VALUES(0022001069,1610612765,'Detroit Pistons','2021-05-16','L',107,1610612748,'Miami Heat','W',120);
INSERT INTO Game VALUES(0022001074,1610612760,'Oklahoma City Thunder','2021-05-16','W',117,1610612746,'LA Clippers','L',112);
INSERT INTO Game VALUES(0022001076,1610612757,'Portland Trail Blazers','2021-05-16','W',132,1610612743,'Denver Nuggets','L',116);
INSERT INTO Game VALUES(0022001071,1610612750,'Minnesota Timberwolves','2021-05-16','W',136,1610612742,'Dallas Mavericks','L',121);
INSERT INTO Game VALUES(0022001068,1610612741,'Chicago Bulls','2021-05-16','W',118,1610612749,'Milwaukee Bucks','L',112);
INSERT INTO Game VALUES(0022001072,1610612740,'New Orleans Pelicans','2021-05-16','L',98,1610612747,'Los Angeles Lakers','W',110);
INSERT INTO Game VALUES(0022001077,1610612758,'Sacramento Kings','2021-05-16','L',99,1610612762,'Utah Jazz','W',121);
INSERT INTO Game VALUES(0022001073,1610612752,'New York Knicks','2021-05-16','W',96,1610612738,'Boston Celtics','L',92);
INSERT INTO Game VALUES(0022001080,1610612764,'Washington Wizards','2021-05-16','W',115,1610612766,'Charlotte Hornets','L',110);
INSERT INTO Game VALUES(0022001079,1610612761,'Toronto Raptors','2021-05-16','L',113,1610612754,'Indiana Pacers','W',125);
INSERT INTO Game VALUES(0022001062,1610612749,'Milwaukee Bucks','2021-05-15','W',122,1610612748,'Miami Heat','L',108);
INSERT INTO Game VALUES(0022001063,1610612750,'Minnesota Timberwolves','2021-05-15','L',108,1610612738,'Boston Celtics','W',124);
INSERT INTO Game VALUES(0022001065,1610612759,'San Antonio Spurs','2021-05-15','L',103,1610612756,'Phoenix Suns','W',140);
INSERT INTO Game VALUES(0022001061,1610612754,'Indiana Pacers','2021-05-15','L',115,1610612747,'Los Angeles Lakers','W',122);
INSERT INTO Game VALUES(0022001064,1610612752,'New York Knicks','2021-05-15','W',118,1610612766,'Charlotte Hornets','L',109);
INSERT INTO Game VALUES(0022001060,1610612751,'Brooklyn Nets','2021-05-15','W',105,1610612741,'Chicago Bulls','L',91);
INSERT INTO Game VALUES(0022001057,1610612742,'Dallas Mavericks','2021-05-14','W',114,1610612761,'Toronto Raptors','L',110);
INSERT INTO Game VALUES(0022000263,1610612763,'Memphis Grizzlies','2021-05-14','W',107,1610612758,'Sacramento Kings','L',106);
INSERT INTO Game VALUES(0022001058,1610612745,'Houston Rockets','2021-05-14','W',122,1610612746,'LA Clippers','L',115);

CREATE SEQUENCE game_id_seq;
ALTER TABLE Game ALTER COLUMN gameID SET DEFAULT nextval('game_id_seq');
ALTER SEQUENCE game_id_seq OWNED BY Game.gameID;
SELECT setval('game_id_seq ', COALESCE(max(id), 1)) FROM Game;